<configuration>
	<!-- 测试商用环境使用 -->
	<property name="log_home" value="${user.dir}" />

	<property name="separator" value="‖"></property>

	<springProperty scope="context" name="serverName" source="eureka.instance.appname" defaultValue="zebra-yritsz-api-bussiness"/>

	<!-- 负责写日志,控制台日志 -->
	<appender name="STDOUT" class="ch.qos.logback.core.ConsoleAppender">
		<encoder class="ch.qos.logback.classic.encoder.PatternLayoutEncoder">
			<Pattern>${serverName}${separator}${PID}${separator}${HOSTNAME}${separator}%d{yyyy-MM-dd HH:mm:ss.SSS}${separator}%-5level${separator}%X{X-B3-TraceId}${separator}%X{X-B3-SpanId}${separator}%X{index}${separator}%msg%n
			</Pattern>
			<Charset>UTF-8</Charset>
		</encoder>
		<!-- <target>System.err</target> 字符串 System.out 或者 System.err ，默认 System.out -->

	</appender>
	<!-- 不同級別的文件記錄在不同的日誌文件中 -->
	<appender name="FILEINFO" class="ch.qos.logback.core.rolling.RollingFileAppender">
		<rollingPolicy class="ch.qos.logback.core.rolling.TimeBasedRollingPolicy">
			<!--日志文件生成路径 -->
			<FileNamePattern>${log_home}/logs/log-info.%d{yyyy-MM-dd}.log</FileNamePattern>
		</rollingPolicy>
		<encoder class="ch.qos.logback.core.encoder.LayoutWrappingEncoder">
			<layout class="ch.qos.logback.classic.PatternLayout">
			<Pattern>${serverName}${separator}${PID}${separator}${HOSTNAME}${separator}%d{yyyy-MM-dd HH:mm:ss.SSS}${separator}%-5level${separator}%X{X-B3-TraceId}${separator}%X{X-B3-SpanId}${separator}%X{index}${separator}%msg%n
				</Pattern>
			</layout>
			<Charset>UTF-8</Charset>
		</encoder>
	</appender>

	<appender name="FILEERROR" class="ch.qos.logback.core.rolling.RollingFileAppender">
		<rollingPolicy class="ch.qos.logback.core.rolling.TimeBasedRollingPolicy">
			<!--在工程目录下自动生成../log文件夹 -->
			<FileNamePattern>${log_home}/logs/log-error.%d{yyyy-MM-dd}.log</FileNamePattern>
		</rollingPolicy>
		<encoder class="ch.qos.logback.core.encoder.LayoutWrappingEncoder">
			<layout class="ch.qos.logback.classic.PatternLayout">
			<Pattern>${serverName}${separator}${PID}${separator}${HOSTNAME}${separator}%d{yyyy-MM-dd HH:mm:ss.SSS}${separator}%-5level${separator}%X{X-B3-TraceId}${separator}%X{X-B3-SpanId}${separator}%X{index}${separator}%msg%n
				</Pattern>
			</layout>
			<Charset>UTF-8</Charset>
		</encoder>
		<filter class="ch.qos.logback.classic.filter.LevelFilter">
			<level>ERROR</level>
			<onMatch>ACCEPT</onMatch>
			<onMismatch>DENY</onMismatch>
		</filter>
	</appender>



	<root>
		<level value="INFO" />
		<appender-ref ref="STDOUT" />
		<appender-ref ref="FILEINFO" />
		<appender-ref ref="FILEERROR" />
	</root>
</configuration>

