<?xml version="1.0" encoding="UTF-8" ?>
<!DOCTYPE mapper PUBLIC "-//mybatis.org//DTD Mapper 3.0//EN" "http://mybatis.org/dtd/mybatis-3-mapper.dtd" >
<mapper namespace="com.java4all.order.dao.OrderDao" >
  <resultMap id="BaseResultMap" type="com.java4all.order.entity.Order" >
    <id column="id" property="id" jdbcType="VARCHAR" />
    <result column="user_id" property="userId" jdbcType="BIGINT" />
    <result column="product_id" property="productId" jdbcType="BIGINT" />
    <result column="count" property="count" jdbcType="INTEGER" />
    <result column="money" property="money" jdbcType="DECIMAL" />
  </resultMap>
  <insert id="create">
     INSERT INTO `order` (`id`,`user_id`,`product_id`,`count`,`money`)
      VALUES(NULL, #{userId}, #{productId}, #{count}, #{money});
  </insert>
</mapper>
